owner,type,violations,complaints,buildings,viol_per_bldg,top_category,top_district,dv1,dv2,dv3,dv4,dv5,dv6,dv7,dv8,dv9,dt1,dt2,dt3,dt4,dt5,dt6,dt7,dt8,dt9
LONG BEACH CITY,Public/Civic,80,744,83,1.0,Other,6,15,2,5,1,0,34,12,5,6,116,9,38,95,39,325,105,16,81
AVANATH SEAPORT LP,Limited Partnership,66,448,25,2.6,No type recorded,8,0,0,0,0,0,0,0,66,0,0,0,0,0,0,0,0,514,0
PENN PROPERTIES LLC,LLC,63,196,23,2.7,No type recorded,2,26,32,0,0,0,5,0,0,0,125,128,0,0,0,6,0,0,0
WP LBMF LLC AND,LLC,56,133,14,4.0,No type recorded,2,18,19,0,0,0,19,0,0,0,65,84,0,0,0,40,0,0,0
923 LONG BEACH LLC,LLC,52,43,2,26.0,Other,1,52,0,0,0,0,0,0,0,0,95,0,0,0,0,0,0,0,0
DAWN PATROL LLC,LLC,50,105,8,6.2,No type recorded,6,0,6,9,0,0,29,0,0,6,0,21,17,0,0,84,0,0,33
OCEAN STRUCTURE INC,Corporation,44,178,11,4.0,No type recorded,1,22,0,0,0,0,14,8,0,0,104,0,0,0,0,79,39,0,0
DECRO LONG BEACH LP,Limited Partnership,41,244,17,2.4,No type recorded,6,11,0,0,0,0,18,11,0,1,85,0,0,0,0,66,106,0,28
795 LONG BEACH BLVD LLC,LLC,40,94,2,20.0,Other,1,40,0,0,0,0,0,0,0,0,134,0,0,0,0,0,0,0,0
"MAGNATTA,COSTANTINO CO TR",Corporation,40,37,3,13.3,No type recorded,1,29,11,0,0,0,0,0,0,0,50,27,0,0,0,0,0,0,0
ANASTASI DEVELOPMENT COMPANY LLC,LLC,37,67,1,37.0,Other,1,37,0,0,0,0,0,0,0,0,104,0,0,0,0,0,0,0,0
SBG REC LLC,LLC,34,77,7,4.9,No type recorded,7,2,0,0,0,0,0,17,0,15,12,0,0,0,0,0,64,0,35
ACKERFIELD 2 LLC,LLC,34,65,2,17.0,No type recorded,8,0,0,0,0,0,0,0,34,0,0,0,0,0,0,0,0,99,0
1135 MARTIN LUTHER LLC,LLC,33,17,1,33.0,No type recorded,6,0,0,0,0,0,33,0,0,0,0,0,0,0,0,50,0,0,0
GEMSTONE PROPERTIES LLC,LLC,33,56,1,33.0,Other,7,0,0,0,0,0,0,33,0,0,0,0,0,0,0,0,89,0,0
FOURTH ST SANDS APARTMENTS LLC,LLC,32,49,2,16.0,No type recorded,2,0,32,0,0,0,0,0,0,0,0,81,0,0,0,0,0,0,0
LUKAZAMA LLC,LLC,32,50,2,16.0,Other,6,0,0,0,0,0,32,0,0,0,0,0,0,0,0,82,0,0,0
HOWOOD PROPERTIES LP,Limited Partnership,31,41,3,10.3,No type recorded,9,15,0,0,0,0,0,0,0,16,40,4,0,0,0,0,0,0,28
AHUMADA PARTNERS LLC,LLC,31,52,1,31.0,Other,6,0,0,0,0,0,31,0,0,0,0,0,0,0,0,83,0,0,0
LEEWARD CAPITAL LONG BEACH LLC,LLC,30,54,1,30.0,Other,1,30,0,0,0,0,0,0,0,0,84,0,0,0,0,0,0,0,0
304 PCH HOLDINGS LLC,LLC,30,63,4,7.5,Other,6,0,0,0,0,0,30,0,0,0,0,0,0,0,0,93,0,0,0
MARKET ST 1074 E LLC,LLC,30,27,3,10.0,No type recorded,8,0,0,0,0,0,0,0,30,0,0,0,0,0,0,0,0,57,0
ROVE LONG BEACH CA006 LLC,LLC,29,28,5,5.8,Other,7,0,0,0,0,0,0,29,0,0,0,0,0,0,0,0,57,0,0
CADI XX LLC,LLC,28,105,3,9.3,Other,1,28,0,0,0,0,0,0,0,0,133,0,0,0,0,0,0,0,0
HOBART VENICE LLC,LLC,27,55,2,13.5,No type recorded,1,27,0,0,0,0,0,0,0,0,82,0,0,0,0,0,0,0,0
BERRO FAMILY HOLDINGS LLC,LLC,27,132,18,1.5,No type recorded,2,4,13,0,0,3,1,6,0,0,9,55,1,0,30,3,61,0,0
3000 COAST HIGHWAY LLC,LLC,26,36,3,8.7,No type recorded,6,4,0,0,0,0,11,0,0,11,12,0,0,0,0,25,0,0,25
"MONAZZAM,JAFAR CO TR  MONAZZAM",Corporation,26,20,1,26.0,No type recorded,3,0,0,26,0,0,0,0,0,0,0,0,46,0,0,0,0,0,0
HEK INVESTMENTS LLC,LLC,25,81,6,4.2,No type recorded,1,22,3,0,0,0,0,0,0,0,83,23,0,0,0,0,0,0,0
MK HOMES AND DEVELOPMENT LLC,LLC,24,54,2,12.0,Other,6,0,0,0,0,0,24,0,0,0,0,0,0,0,0,78,0,0,0
624 W 5TH ST LLC,LLC,23,43,6,3.8,No type recorded,1,15,0,0,0,3,5,0,0,0,40,0,0,0,5,21,0,0,0
630 CEDAR AVENUE LLC,LLC,23,12,1,23.0,No type recorded,1,23,0,0,0,0,0,0,0,0,35,0,0,0,0,0,0,0,0
OCEAN STRUCTURE LP,Limited Partnership,23,127,8,2.9,No type recorded,6,7,4,0,0,0,12,0,0,0,20,27,0,0,0,103,0,0,0
GARY HOFFMAN JULIE HOFFMAN LLC,LLC,23,19,3,7.7,No type recorded,2,1,22,0,0,0,0,0,0,0,3,39,0,0,0,0,0,0,0
FRISCHER LB NORTH LLC,LLC,23,28,3,7.7,No type recorded,6,0,0,0,0,0,21,2,0,0,0,0,0,0,0,37,14,0,0
BEST WESTERN SUMMITT INN INC,Corporation,23,36,2,11.5,No type recorded,8,0,0,0,0,0,0,0,23,0,0,0,0,0,0,0,0,59,0
PLEASANTVILLE 27 LLC,LLC,23,31,3,7.7,No type recorded,8,0,0,0,0,0,0,0,23,0,0,0,0,0,0,0,0,54,0
MILLENNIUM PROPERTIES 3 0 LLC,LLC,22,34,4,5.5,No type recorded,6,4,0,0,0,0,17,0,1,0,17,0,0,0,0,36,0,3,0
FUGATE HOLDINGS LLC,LLC,21,30,6,3.5,No type recorded,1,13,0,0,0,2,6,0,0,0,16,0,0,0,16,19,0,0,0
NEW CENTURY PROPERTY 10 LLC,LLC,21,19,1,21.0,No type recorded,1,21,0,0,0,0,0,0,0,0,40,0,0,0,0,0,0,0,0
909 PINE AVE HOLDINGS LLC,LLC,21,14,1,21.0,Other,1,21,0,0,0,0,0,0,0,0,35,0,0,0,0,0,0,0,0
1770 LLC,LLC,21,21,2,10.5,No type recorded,6,0,0,0,0,0,21,0,0,0,0,0,0,0,0,42,0,0,0
1480 ALAMITOS L P,Limited Partnership,21,24,1,21.0,Property Maintenance,6,0,0,0,0,0,21,0,0,0,0,0,0,0,0,45,0,0,0
"GAYED,AKRAM D CO TR GAYED TRUST",Corporation,21,11,1,21.0,No type recorded,7,0,0,0,0,0,0,21,0,0,0,0,0,0,0,0,32,0,0
ROOTS INC AND,Corporation,21,31,2,10.5,No type recorded,7,0,0,0,0,0,0,21,0,0,0,0,0,0,0,0,52,0,0
439 COWLES LLC,LLC,20,12,3,6.7,No type recorded,1,20,0,0,0,0,0,0,0,0,32,0,0,0,0,0,0,0,0
"BRISCOE,JOHN F JR CO TR  BRISCO",Corporation,20,25,1,20.0,Graffiti,1,20,0,0,0,0,0,0,0,0,45,0,0,0,0,0,0,0,0
HOT SPOT RENTALS LLC,LLC,20,31,3,6.7,No type recorded,1,12,8,0,0,0,0,0,0,0,36,15,0,0,0,0,0,0,0
ALAMITOS AVE 900 LLC,LLC,20,16,2,10.0,No type recorded,1,20,0,0,0,0,0,0,0,0,36,0,0,0,0,0,0,0,0
SHI MIN LLC,LLC,20,74,1,20.0,Other,1,20,0,0,0,0,0,0,0,0,94,0,0,0,0,0,0,0,0
1431 OBISPO LLC,LLC,20,2,1,20.0,No type recorded,2,0,20,0,0,0,0,0,0,0,0,22,0,0,0,0,0,0,0
NEW CONTINENT LLC,LLC,20,45,4,5.0,No type recorded,6,0,0,0,0,0,7,6,0,7,0,0,0,0,0,23,31,0,11
1976 CHESTNUT AVE LLC,LLC,20,10,1,20.0,No type recorded,7,0,0,0,0,0,0,20,0,0,0,0,0,0,0,0,30,0,0
6640 N ORIZABA LLC,LLC,20,33,1,20.0,No type recorded,9,0,0,0,0,0,0,0,0,20,0,0,0,0,0,0,0,0,53
737 E FIFTH STREET LLC,LLC,19,46,2,9.5,No type recorded,1,19,0,0,0,0,0,0,0,0,65,0,0,0,0,0,0,0,0
ANKLE AND FOOT CARE CENTER INC,Corporation,19,32,4,4.8,No type recorded,1,11,0,0,0,0,6,2,0,0,33,0,0,0,0,13,5,0,0
ARSAB INVESTMENTS LLC,LLC,19,15,2,9.5,No type recorded,3,0,0,19,0,0,0,0,0,0,0,0,34,0,0,0,0,0,0
3009 LONG BEACH BLVD INC,Corporation,19,19,1,19.0,Other,6,0,0,0,0,0,19,0,0,0,0,0,0,0,0,38,0,0,0
VICTORIA PROPERTIES LLC,LLC,19,13,2,9.5,No type recorded,6,0,0,0,0,0,19,0,0,0,0,0,0,0,0,32,0,0,0
46 ATLANTIC LLC,LLC,19,58,4,4.8,No type recorded,8,0,0,0,0,0,0,0,19,0,0,0,0,0,0,0,0,77,0
MARA AND LO REAL ESTATE LLC,LLC,19,15,2,9.5,No type recorded,8,0,0,0,0,0,0,0,19,0,0,0,0,0,0,0,0,34,0
DINOSONT LLC,LLC,19,17,1,19.0,No type recorded,9,0,0,0,0,0,0,0,0,19,0,0,0,0,0,0,0,0,36
BAY HOTEL LLC,LLC,18,113,3,6.0,No type recorded,1,18,0,0,0,0,0,0,0,0,131,0,0,0,0,0,0,0,0
"DRAZBA,PETER R CO TR  DRAZBA",Corporation,18,36,3,6.0,No type recorded,1,11,0,0,0,7,0,0,0,0,33,0,0,0,21,0,0,0,0
BF PROPERTIES 1 LLC,LLC,18,42,2,9.0,No type recorded,2,0,13,0,0,0,0,0,0,5,0,41,0,0,0,0,0,0,19
ATLANTIC AVE HOLDINGS LLC,LLC,18,30,3,6.0,No type recorded,5,0,0,0,0,18,0,0,0,0,0,0,0,0,48,0,0,0,0
LONG BEACH ARTS DISTRICT LLC,LLC,18,468,17,1.1,Other,9,0,0,0,0,0,0,0,4,14,0,0,0,0,0,0,0,228,258
SPACETIME INVESTMENTS LLC,LLC,18,23,2,9.0,No type recorded,8,0,0,0,0,0,0,0,18,0,0,0,0,0,0,0,0,41,0
"BERENS,GERARD P CO TR  BERENS",Corporation,17,19,2,8.5,No type recorded,1,14,0,0,0,0,3,0,0,0,32,0,0,0,0,4,0,0,0
TALGUST LP,Limited Partnership,17,44,5,3.4,No type recorded,6,3,0,0,0,0,14,0,0,0,33,0,0,0,0,28,0,0,0
SHEN PROPERTY INVESTMENTS LLC,LLC,17,24,3,5.7,No type recorded,8,0,7,0,0,0,0,0,10,0,0,20,0,0,0,0,0,21,0
FL SUN LLC,LLC,17,27,2,8.5,No type recorded,6,0,0,0,0,0,17,0,0,0,0,0,0,0,0,44,0,0,0
"PERES,MARIO C CO TR  MARIO AND",Corporation,17,23,2,8.5,No type recorded,9,0,0,0,0,0,6,0,0,11,0,0,0,0,0,18,0,0,22
SHYLO INVESTMENTS LLC,LLC,16,11,4,4.0,No type recorded,6,3,4,0,0,0,9,0,0,0,4,10,0,0,0,13,0,0,0
"MAYER,ALAN CO TR  MAYER FAMILY",Corporation,16,11,4,4.0,No type recorded,1,14,1,0,0,0,0,0,1,0,17,7,0,0,0,0,0,3,0
BELLA BARK LLC,LLC,16,27,1,16.0,No type recorded,1,16,0,0,0,0,0,0,0,0,43,0,0,0,0,0,0,0,0
AMCAL LAS VENTANAS FUND LP,Limited Partnership,16,14,1,16.0,No type recorded,1,16,0,0,0,0,0,0,0,0,30,0,0,0,0,0,0,0,0
LAND MARK MARKETING CORPORATION,Corporation,16,58,7,2.3,No type recorded,2,0,16,0,0,0,0,0,0,0,12,62,0,0,0,0,0,0,0
BLUE KNIGHT LLC,LLC,16,36,2,8.0,No type recorded,2,0,16,0,0,0,0,0,0,0,0,52,0,0,0,0,0,0,0
HERRICK HOLDINGS LLC AND,LLC,16,25,2,8.0,No type recorded,2,0,16,0,0,0,0,0,0,0,0,41,0,0,0,0,0,0,0
605 WALNUT CAPITAL LLC,LLC,16,15,1,16.0,No type recorded,2,0,16,0,0,0,0,0,0,0,0,31,0,0,0,0,0,0,0
FRISCHER LB SOUTH LLC,LLC,16,18,2,8.0,No type recorded,6,0,5,0,0,0,11,0,0,0,0,13,0,0,0,21,0,0,0
RAMOS REAL ESTATE GROUP INC,Corporation,16,62,1,16.0,Other,6,0,0,0,0,0,16,0,0,0,0,0,0,0,0,78,0,0,0
DMF INVESTMENTS LLC,LLC,16,7,1,16.0,Other,7,0,0,0,0,0,0,16,0,0,0,0,0,0,0,0,23,0,0
551 DAISY APTS LLC,LLC,15,29,1,15.0,No type recorded,1,15,0,0,0,0,0,0,0,0,44,0,0,0,0,0,0,0,0
MASUDA INVESTMENTS LLC,LLC,15,24,3,5.0,No type recorded,1,13,2,0,0,0,0,0,0,0,33,6,0,0,0,0,0,0,0
"JACOBSEN,DONALD I CO TR  D AND E",Corporation,15,42,1,15.0,No type recorded,2,0,15,0,0,0,0,0,0,0,0,57,0,0,0,0,0,0,0
FARMERS AND MERCHANTS TR CO TR,Corporation,15,70,6,2.5,No type recorded,2,0,12,3,0,0,0,0,0,0,0,67,18,0,0,0,0,0,0
RED CURB INVESTMENTS LLC,LLC,15,66,4,3.8,No type recorded,2,0,9,0,0,6,0,0,0,0,0,45,0,0,36,0,0,0,0
1506 E FIFTH STREET LLC,LLC,15,14,1,15.0,No type recorded,2,0,15,0,0,0,0,0,0,0,0,29,0,0,0,0,0,0,0
BEAVER INVESTMENTS LLC,LLC,15,91,12,1.2,No type recorded,3,0,4,11,0,0,0,0,0,0,0,7,98,1,0,0,0,0,0
ALTPIM LLC,LLC,15,22,4,3.8,No type recorded,6,0,4,0,0,0,5,0,5,1,0,10,0,0,0,9,0,15,3
CHATEAU BELMONT SHORES PARTNERS,Limited Partnership,15,29,3,5.0,No type recorded,3,0,0,15,0,0,0,0,0,0,0,0,44,0,0,0,0,0,0
532 E RHEA LLC AND,LLC,15,13,2,7.5,No type recorded,6,0,0,0,0,0,15,0,0,0,0,0,0,0,0,28,0,0,0
BENGAL HOUSING INVESTMENTS LLC,LLC,15,35,4,3.8,Other,6,0,0,0,0,0,14,0,1,0,0,0,0,0,0,47,0,3,0
CENTURY ACKERFIELD LLC,LLC,15,33,1,15.0,No type recorded,8,0,0,0,0,0,0,0,15,0,0,0,0,0,0,0,0,48,0
ELM TERRACE HOLDINGS LLC,LLC,14,35,3,4.7,No type recorded,1,8,0,0,0,0,6,0,0,0,16,0,0,0,0,33,0,0,0
530 CHESTNUT AVENUE LLC,LLC,14,11,1,14.0,No type recorded,1,14,0,0,0,0,0,0,0,0,25,0,0,0,0,0,0,0,0
NEW CENTURY PROPERTY 18 LLC,LLC,14,9,1,14.0,No type recorded,1,14,0,0,0,0,0,0,0,0,23,0,0,0,0,0,0,0,0
CABE BROTHERS RENTALS LLC,LLC,14,65,7,2.0,Other,6,2,0,0,0,0,12,0,0,0,10,0,0,0,0,67,2,0,0
"PATEL,KAVITA CO TR CONNOR PATEL",Corporation,14,18,1,14.0,No type recorded,1,14,0,0,0,0,0,0,0,0,32,0,0,0,0,0,0,0,0
TKLB HOLDINGS LLC,LLC,14,21,3,4.7,No type recorded,6,3,0,0,0,0,11,0,0,0,6,0,0,0,0,29,0,0,0
2311 LEMON LLC,LLC,14,21,1,14.0,No type recorded,1,14,0,0,0,0,0,0,0,0,35,0,0,0,0,0,0,0,0
EVEREST REALTY INVESTMENTS LLC,LLC,14,32,3,4.7,No type recorded,2,3,6,5,0,0,0,0,0,0,9,19,18,0,0,0,0,0,0
816 829 WALNUT APARTMENTS LLC,LLC,14,22,2,7.0,No type recorded,1,14,0,0,0,0,0,0,0,0,36,0,0,0,0,0,0,0,0
935 937 OLIVE STREET LP,Limited Partnership,14,11,1,14.0,No type recorded,1,14,0,0,0,0,0,0,0,0,25,0,0,0,0,0,0,0,0
CHITCHAT LLC,LLC,14,10,1,14.0,No type recorded,1,14,0,0,0,0,0,0,0,0,24,0,0,0,0,0,0,0,0
316 INC,Corporation,14,20,1,14.0,Graffiti,1,14,0,0,0,0,0,0,0,0,34,0,0,0,0,0,0,0,0
1045 E 4TH ST LLC,LLC,14,30,1,14.0,No type recorded,2,0,14,0,0,0,0,0,0,0,0,44,0,0,0,0,0,0,0
"SECOR,JERALD A CO TR  SECOR",Corporation,14,12,4,3.5,No type recorded,2,0,13,1,0,0,0,0,0,0,0,22,4,0,0,0,0,0,0
SVPP PROPERTIES LLC AND,LLC,14,20,1,14.0,No type recorded,2,0,14,0,0,0,0,0,0,0,0,34,0,0,0,0,0,0,0
10TH AND ROSWELL LLC,LLC,14,29,3,4.7,No type recorded,3,0,0,14,0,0,0,0,0,0,0,0,43,0,0,0,0,0,0
670 XIMENO LLC,LLC,14,5,1,14.0,No type recorded,3,0,0,14,0,0,0,0,0,0,0,0,19,0,0,0,0,0,0
1505 EAST 11TH STREET LLC,LLC,14,22,1,14.0,No type recorded,6,0,0,0,0,0,14,0,0,0,0,0,0,0,0,36,0,0,0
FULLHOUSE LONG BEACH LLC,LLC,14,10,1,14.0,No type recorded,6,0,0,0,0,0,14,0,0,0,0,0,0,0,0,24,0,0,0
1941 MAGNOLIA APTS LLC,LLC,14,19,1,14.0,No type recorded,7,0,0,0,0,0,0,14,0,0,0,0,0,0,0,0,33,0,0
1980 HARBOR LLC,LLC,14,17,1,14.0,No type recorded,7,0,0,0,0,0,0,14,0,0,0,0,0,0,0,0,31,0,0
COSMOPOLITAN LB INVESTMENT LLC,LLC,13,41,2,6.5,No type recorded,1,12,0,0,0,0,0,1,0,0,51,0,0,0,0,0,3,0,0
327 W 6TH STREET INVESTORS LP,Limited Partnership,13,22,1,13.0,No type recorded,1,13,0,0,0,0,0,0,0,0,35,0,0,0,0,0,0,0,0
PGLB LLC,LLC,13,48,7,1.9,No type recorded,6,4,2,0,0,0,5,2,0,0,20,6,0,0,0,17,18,0,0
PINE AVE FUND LLC,LLC,13,18,3,4.3,Property Maintenance,1,13,0,0,0,0,0,0,0,0,31,0,0,0,0,0,0,0,0
BAYWEST7 LLC,LLC,13,16,1,13.0,No type recorded,1,13,0,0,0,0,0,0,0,0,29,0,0,0,0,0,0,0,0
BROADLINE APARTMENT INC,Corporation,13,14,1,13.0,No type recorded,1,13,0,0,0,0,0,0,0,0,27,0,0,0,0,0,0,0,0
DENALI CBH LP,Limited Partnership,13,26,2,6.5,No type recorded,1,13,0,0,0,0,0,0,0,0,39,0,0,0,0,0,0,0,0
LONG BEACH REGAL LP,Limited Partnership,13,9,1,13.0,Vehicles,1,13,0,0,0,0,0,0,0,0,22,0,0,0,0,0,0,0,0
KGP II LLC,LLC,13,21,3,4.3,No type recorded,1,8,0,0,0,0,5,0,0,0,21,0,0,0,0,13,0,0,0
K AND J APARTMENTS LLC,LLC,13,12,1,13.0,Unpermitted Construction,2,0,13,0,0,0,0,0,0,0,0,25,0,0,0,0,0,0,0
445 ROSE APTS LLC,LLC,13,18,2,6.5,No type recorded,2,0,13,0,0,0,0,0,0,0,0,31,0,0,0,0,0,0,0
WALKER WEST HOLDINGS LLC,LLC,13,9,2,6.5,No type recorded,2,0,11,0,0,0,2,0,0,0,0,14,0,0,0,8,0,0,0
1309 EAST THIRD STREET LLC,LLC,13,9,1,13.0,Property Maintenance,2,0,13,0,0,0,0,0,0,0,0,22,0,0,0,0,0,0,0
2525 E 10TH LLC,LLC,13,8,1,13.0,No type recorded,2,0,13,0,0,0,0,0,0,0,0,21,0,0,0,0,0,0,0
"STORR,JAMES I CO TR  STORR",Corporation,13,11,2,6.5,No type recorded,8,0,6,0,0,0,0,0,7,0,0,15,0,0,0,0,0,9,0
"MADAN,A K CO TR  MADAN FAMILY",Corporation,13,16,4,3.2,No type recorded,5,0,0,4,2,7,0,0,0,0,0,0,6,3,20,0,0,0,0
RLMA GODIN INVESTMENTS LLC,LLC,13,23,8,1.6,No type recorded,5,0,0,0,0,13,0,0,0,0,0,0,0,0,29,0,0,7,0
JT INVESTMENT GROUP LLC,LLC,13,37,1,13.0,Other,5,0,0,0,0,13,0,0,0,0,0,0,0,0,50,0,0,0,0
GRU GROUP HOLDINGS LLC,LLC,13,78,2,6.5,Other,5,0,0,0,0,13,0,0,0,0,0,0,0,0,91,0,0,0,0
2017 2 IH BORROWER LP,Limited Partnership,13,16,7,1.9,Property Maintenance,9,0,0,0,0,0,4,2,2,5,0,0,0,0,5,9,4,3,8
JAMA UNIVERSAL LLC,LLC,13,13,2,6.5,Property Maintenance,6,0,0,0,0,0,13,0,0,0,0,0,0,0,0,26,0,0,0
1400 LONG BEACH LP,Limited Partnership,13,15,1,13.0,Other,6,0,0,0,0,0,13,0,0,0,0,0,0,0,0,28,0,0,0
LTH REALTY LLC ET AL,LLC,13,53,3,4.3,Other,6,0,0,0,0,0,13,0,0,0,0,0,0,0,0,66,0,0,0
"VALDEZ,SALVADOR CO TR  VALDEZ",Corporation,13,10,1,13.0,Property Maintenance,7,0,0,0,0,0,0,13,0,0,0,0,0,0,0,0,23,0,0
STM PROPERTIES LLC,LLC,13,48,4,3.2,No type recorded,9,0,0,0,0,0,0,0,1,12,0,0,0,0,0,0,0,4,57
LYNWOOD DEL CAPRI LP,Limited Partnership,13,20,1,13.0,No type recorded,8,0,0,0,0,0,0,0,13,0,0,0,0,0,0,0,0,33,0
451 E 55TH STREET LLC,LLC,13,17,2,6.5,No type recorded,8,0,0,0,0,0,0,0,13,0,0,0,0,0,0,0,0,30,0
BASTANCHURY LLC,LLC,13,63,1,13.0,Other,9,0,0,0,0,0,0,0,0,13,0,0,0,0,0,0,0,0,76
"WALLENS,DONALD E CO TR  WALLENS",Corporation,12,13,4,3.0,No type recorded,6,4,0,0,0,0,8,0,0,0,7,0,0,0,0,18,0,0,0
12111 S FIGUEROA LLC,LLC,12,13,1,12.0,No type recorded,1,12,0,0,0,0,0,0,0,0,25,0,0,0,0,0,0,0,0
927 CHESTNUT LLC,LLC,12,30,1,12.0,No type recorded,1,12,0,0,0,0,0,0,0,0,42,0,0,0,0,0,0,0,0
MAZAL AT 1242 CEDAR AVE LLC,LLC,12,8,1,12.0,No type recorded,1,12,0,0,0,0,0,0,0,0,20,0,0,0,0,0,0,0,0
MAGOULA LLC,LLC,12,12,2,6.0,Graffiti,1,12,0,0,0,0,0,0,0,0,24,0,0,0,0,0,0,0,0
236 ATLANTIC APARTMENTS LLC,LLC,12,9,2,6.0,No type recorded,1,12,0,0,0,0,0,0,0,0,21,0,0,0,0,0,0,0,0
SUKH MAYA PROPERTIES LLC,LLC,12,23,3,4.0,No type recorded,9,3,0,0,0,0,4,0,0,5,5,0,0,0,0,10,0,0,20
SOCAL EQUITY HOLDINGS LLC,LLC,12,46,6,2.0,No type recorded,7,2,0,0,0,0,2,7,0,1,2,0,0,0,0,8,29,0,19
BLN INVESTMENTS LLC,LLC,12,27,8,1.5,No type recorded,2,0,7,0,0,0,0,5,0,0,0,17,0,0,1,0,21,0,0
SOKHA INTERNATIONAL LLC,LLC,12,21,4,3.0,No type recorded,3,0,5,7,0,0,0,0,0,0,0,18,15,0,0,0,0,0,0
"PAPPAS,GREGORY J CO TR  G J AND",Corporation,12,26,1,12.0,No type recorded,2,0,12,0,0,0,0,0,0,0,0,38,0,0,0,0,0,0,0
1628 1724 OCEAN AVENUE LLC,LLC,12,61,6,2.0,No type recorded,2,0,12,0,0,0,0,0,0,0,0,73,0,0,0,0,0,0,0
1236 BE WATER LLC,LLC,12,17,2,6.0,No type recorded,2,0,10,2,0,0,0,0,0,0,0,26,3,0,0,0,0,0,0
G AND R PARK LLC,LLC,12,27,5,2.4,No type recorded,4,0,0,0,6,1,5,0,0,0,0,1,0,27,2,9,0,0,0
AD ASTRA INVESTMENTS LLC,LLC,12,29,2,6.0,No type recorded,7,0,5,0,0,0,0,7,0,0,0,13,0,0,0,0,28,0,0
NEW CENTURY PROPERTY 6 LLC,LLC,12,23,1,12.0,No type recorded,3,0,0,12,0,0,0,0,0,0,0,0,35,0,0,0,0,0,0
FAIRWAY APARTMENTS LB LLC,LLC,12,16,1,12.0,No type recorded,3,0,0,12,0,0,0,0,0,0,0,0,28,0,0,0,0,0,0
DYNASTY CA PROPERTIES LLC,LLC,12,36,4,3.0,No type recorded,8,0,0,0,0,5,0,0,7,0,0,0,0,0,20,0,0,28,0
WARDLOW FUNDING LLC,LLC,12,80,2,6.0,Property Maintenance,5,0,0,0,0,12,0,0,0,0,0,0,0,0,92,0,0,0,0
AF PROPERTIES 2015 LLC,LLC,12,79,5,2.4,Other,8,0,0,0,0,3,0,3,6,0,0,0,0,0,6,0,4,81,0
MJC88 LLC,LLC,12,25,1,12.0,No type recorded,6,0,0,0,0,0,12,0,0,0,0,0,0,0,0,37,0,0,0
STRUCTURE PROPERTIES LLC,LLC,12,23,1,12.0,No type recorded,6,0,0,0,0,0,12,0,0,0,0,0,0,0,0,35,0,0,0
1090 WALNUT LLC,LLC,12,8,1,12.0,No type recorded,6,0,0,0,0,0,12,0,0,0,0,0,0,0,0,20,0,0,0
2275 CHESTNUT LLC,LLC,12,18,1,12.0,No type recorded,7,0,0,0,0,0,0,12,0,0,0,0,0,0,0,0,30,0,0
1980 HENDERSON LLC,LLC,12,10,1,12.0,No type recorded,7,0,0,0,0,0,0,12,0,0,0,0,0,0,0,0,22,0,0
1871 CHESTNUT APTS LLC,LLC,12,19,1,12.0,No type recorded,7,0,0,0,0,0,0,12,0,0,0,0,0,0,0,0,31,0,0
BV RENTALS LLC,LLC,12,13,1,12.0,No type recorded,7,0,0,0,0,0,0,12,0,0,0,0,0,0,0,0,25,0,0
"NGO TRAN,BRIAN CO TR HOU AND NGO",Corporation,12,4,1,12.0,Property Maintenance,7,0,0,0,0,0,0,12,0,0,0,0,0,0,0,0,16,0,0
IH4 PROPERTY WEST LP,Limited Partnership,12,6,6,2.0,Property Maintenance,7,0,0,0,0,0,0,7,3,2,0,0,0,0,0,0,10,6,2
PAVE ONE PROPERTIES LLC AND,LLC,12,18,2,6.0,No type recorded,8,0,0,0,0,0,0,0,9,3,0,0,0,0,0,0,0,18,12
SHSHA ENTERPRISES LLC,LLC,12,12,1,12.0,Other,8,0,0,0,0,0,0,0,12,0,0,0,0,0,0,0,0,24,0
TALAMENTES EQUITIES LLC,LLC,12,24,2,6.0,No type recorded,8,0,0,0,0,0,0,0,12,0,0,0,0,0,0,0,0,36,0
LB PARADISE GARDENS LLC,LLC,12,41,1,12.0,No type recorded,9,0,0,0,0,0,0,0,0,12,0,0,0,0,0,0,0,0,53
CEDAR GREEN LLC,LLC,11,40,1,11.0,No type recorded,1,11,0,0,0,0,0,0,0,0,51,0,0,0,0,0,0,0,0
BELLATERA PROPERTIES LLC,LLC,11,30,2,5.5,No type recorded,1,9,2,0,0,0,0,0,0,0,31,10,0,0,0,0,0,0,0
"VAN DER HULST,JOHN CO TR  VAN",Corporation,11,12,1,11.0,No type recorded,1,11,0,0,0,0,0,0,0,0,23,0,0,0,0,0,0,0,0
KGP I LLC,LLC,11,41,5,2.2,No type recorded,1,5,2,4,0,0,0,0,0,0,25,5,22,0,0,0,0,0,0
WESTLAND PROPERTIES THIRTEEN LLC,LLC,11,81,8,1.4,No type recorded,1,7,0,0,0,0,2,0,0,2,67,9,0,0,0,7,0,0,9
"FERRARIO,JEFFERY CO TR  JJ",Corporation,11,28,6,1.8,No type recorded,2,3,4,4,0,0,0,0,0,0,28,7,4,0,0,0,0,0,0
H AND JR DEVELOPMENT LLC,LLC,11,35,2,5.5,No type recorded,6,4,0,0,0,0,7,0,0,0,17,0,0,0,0,29,0,0,0
HUDSON ROSE INVESTMENTS LLC,LLC,11,27,2,5.5,No type recorded,1,6,0,0,0,0,5,0,0,0,20,0,0,0,0,18,0,0,0
1577 PINE AVENUE LLC,LLC,11,7,1,11.0,No type recorded,1,11,0,0,0,0,0,0,0,0,18,0,0,0,0,0,0,0,0
"STUCKEN,CHARLES R CO TR  STUCKEN",Corporation,11,28,6,1.8,No type recorded,2,3,5,1,0,0,2,0,0,0,26,8,1,0,0,4,0,0,0
925 WASHINGTON LLC,LLC,11,15,1,11.0,No type recorded,1,11,0,0,0,0,0,0,0,0,26,0,0,0,0,0,0,0,0
MINERVA INVESTMENT GROUP LLC,LLC,11,23,3,3.7,No type recorded,1,7,4,0,0,0,0,0,0,0,18,16,0,0,0,0,0,0,0
PMBM LLC,LLC,11,34,5,2.2,No type recorded,2,0,6,5,0,0,0,0,0,0,0,21,24,0,0,0,0,0,0
OCEAN AND 19TH PLACE LLC,LLC,11,12,1,11.0,Property Maintenance,2,0,11,0,0,0,0,0,0,0,0,23,0,0,0,0,0,0,0
COASTAL RANGE GROUP LLC,LLC,11,40,2,5.5,No type recorded,6,0,3,0,0,0,8,0,0,0,0,22,0,0,0,29,0,0,0
1152 E 1ST STREET LLC,LLC,11,6,1,11.0,No type recorded,2,0,11,0,0,0,0,0,0,0,0,17,0,0,0,0,0,0,0
"PUMPHREY,MARSHALL W CO TR",Corporation,11,17,2,5.5,No type recorded,7,0,1,0,0,0,0,10,0,0,0,2,0,0,0,0,26,0,0
SANRAJ LLC,LLC,11,2,1,11.0,Vehicles,3,0,0,11,0,0,0,0,0,0,0,0,13,0,0,0,0,0,0
WILLIAMS AND LOWE LLC,LLC,11,45,6,1.8,No type recorded,3,0,0,11,0,0,0,0,0,0,0,0,56,0,0,0,0,0,0
"MENG,SHU FEN CO TR  SHU FEN MENG",Corporation,11,10,1,11.0,No type recorded,4,0,0,0,11,0,0,0,0,0,0,0,0,21,0,0,0,0,0
VASU SPE 1 LLC AND,LLC,11,5,1,11.0,Graffiti,4,0,0,0,11,0,0,0,0,0,0,0,0,16,0,0,0,0,0
2018-1 IH BORROWER LP,Limited Partnership,11,19,5,2.2,Property Maintenance,9,0,0,0,2,0,0,0,2,7,0,0,0,4,0,0,0,6,20
1033 HOFFMAN APTS LLC,LLC,11,20,1,11.0,No type recorded,6,0,0,0,0,0,11,0,0,0,0,0,0,0,0,31,0,0,0
1088 ALAMITOS AVE LLC,LLC,11,17,1,11.0,No type recorded,6,0,0,0,0,0,11,0,0,0,0,0,0,0,0,28,0,0,0
DARUMA INVESTMENTS LLC,LLC,11,6,1,11.0,No type recorded,6,0,0,0,0,0,11,0,0,0,0,0,0,0,0,17,0,0,0
ELM TERRACE APARTMENTS LLC,LLC,11,16,1,11.0,No type recorded,6,0,0,0,0,0,11,0,0,0,0,0,0,0,0,27,0,0,0
M AND MI INVESTMENT LLC,LLC,11,6,1,11.0,No type recorded,6,0,0,0,0,0,11,0,0,0,0,0,0,0,0,17,0,0,0
10TH 1155 LLC,LLC,11,12,2,5.5,No type recorded,6,0,0,0,0,0,11,0,0,0,0,0,0,0,0,23,0,0,0
SEQUOIA LANDS LLC,LLC,11,54,2,5.5,Other,7,0,0,0,0,0,0,11,0,0,0,0,0,0,0,0,65,0,0
"MONTOYA,BAN C CO TR MONTUYA",Corporation,11,7,3,3.7,Property Maintenance,7,0,0,0,0,0,0,11,0,0,0,0,0,0,0,0,18,0,0
TC-LB 1 LLC,LLC,11,19,1,11.0,No type recorded,8,0,0,0,0,0,0,0,11,0,0,0,0,0,0,0,0,30,0
PARK VILLA 5230 LLC,LLC,11,19,1,11.0,No type recorded,8,0,0,0,0,0,0,0,11,0,0,0,0,0,0,0,0,30,0
NP CAPITAL LLC,LLC,11,18,1,11.0,No type recorded,8,0,0,0,0,0,0,0,11,0,0,0,0,0,0,0,0,29,0
500 E PLEASANT STREET LLC,LLC,11,15,1,11.0,No type recorded,8,0,0,0,0,0,0,0,11,0,0,0,0,0,0,0,0,26,0
NLB 55TH LLC,LLC,11,5,1,11.0,No type recorded,8,0,0,0,0,0,0,0,11,0,0,0,0,0,0,0,0,16,0
"EVANGELISTA,NELSON J CO TR",Corporation,11,4,2,5.5,No type recorded,9,0,0,0,0,0,0,0,0,11,0,0,0,0,0,0,0,0,15
701 PACIFIC LLC,LLC,10,17,1,10.0,No type recorded,1,10,0,0,0,0,0,0,0,0,27,0,0,0,0,0,0,0,0
"SMITH,GARFIELD O CO TR  SMITH",Corporation,10,8,1,10.0,No type recorded,1,10,0,0,0,0,0,0,0,0,18,0,0,0,0,0,0,0,0
SMA ASSOCIATES LLC,LLC,10,9,1,10.0,No type recorded,1,10,0,0,0,0,0,0,0,0,19,0,0,0,0,0,0,0,0
2450 COLORADO BLVD LLC,LLC,10,18,1,10.0,No type recorded,1,10,0,0,0,0,0,0,0,0,28,0,0,0,0,0,0,0,0
"LEVIN,GREGORY S CO TR ET AL G",Corporation,10,14,1,10.0,Property Maintenance,1,10,0,0,0,0,0,0,0,0,24,0,0,0,0,0,0,0,0
SP 927 DAISY LLC,LLC,10,26,1,10.0,No type recorded,1,10,0,0,0,0,0,0,0,0,36,0,0,0,0,0,0,0,0
"TEKCHANDANI,NARAIN CO TR",Corporation,10,23,2,5.0,No type recorded,1,7,0,0,0,0,0,3,0,0,17,0,0,0,0,0,16,0,0
C C C PROPERTY GROUP 4 LLC,LLC,10,38,3,3.3,No type recorded,6,1,0,3,0,0,6,0,0,0,2,0,13,0,0,33,0,0,0
FTI HOLDINGS INC,Corporation,10,24,2,5.0,No type recorded,2,0,10,0,0,0,0,0,0,0,0,34,0,0,0,0,0,0,0
SA PROPERTIES COMPANY LP,Corporation,10,40,2,5.0,Property Maintenance,5,0,1,0,0,9,0,0,0,0,0,10,0,0,40,0,0,0,0
TIGELL INVESTMENTS I LLC,LLC,10,20,2,5.0,No type recorded,2,0,6,0,0,0,4,0,0,0,0,16,0,0,0,14,0,0,0
1401 E OCEAN BLVD INVESTORS LP,Limited Partnership,10,25,1,10.0,No type recorded,2,0,10,0,0,0,0,0,0,0,0,35,0,0,0,0,0,0,0
P K BONITO LTD,Limited Partnership,10,19,1,10.0,No type recorded,2,0,10,0,0,0,0,0,0,0,0,29,0,0,0,0,0,0,0
1148 STANLEY AVE LLC,LLC,10,11,1,10.0,No type recorded,2,0,10,0,0,0,0,0,0,0,0,21,0,0,0,0,0,0,0
OCTAGON EAGLES LLC,LLC,10,17,1,10.0,No type recorded,2,0,10,0,0,0,0,0,0,0,0,27,0,0,0,0,0,0,0
"THAO,LIMTIN CO TR SO THAO TRUST",Corporation,10,19,2,5.0,Vehicles,6,0,1,0,0,0,9,0,0,0,0,2,0,0,0,27,0,0,0
"VU,HAI MANH CO TR  HAI VU AND",Corporation,10,19,2,5.0,No type recorded,2,0,8,0,0,0,0,0,0,2,0,18,0,0,0,0,0,0,11
MERCY HOUSING CALIFORNIA 112 LP,Limited Partnership,10,28,2,5.0,Property Maintenance,2,0,10,0,0,0,0,0,0,0,0,38,0,0,0,0,0,0,0
CHAN WRR LP,Limited Partnership,10,7,2,5.0,No type recorded,2,0,5,0,0,0,0,0,5,0,0,8,0,0,0,0,0,9,0
SHOAG LONG BEACH PROPERTIES LLC,LLC,10,10,3,3.3,No type recorded,7,0,3,0,0,0,2,5,0,0,0,7,0,0,0,2,11,0,0
"MILLER,CHRISTOPHER J CO TR  CS",Corporation,10,9,2,5.0,No type recorded,2,0,9,1,0,0,0,0,0,0,0,13,6,0,0,0,0,0,0
ADV LLC,LLC,10,12,2,5.0,No type recorded,3,0,0,5,0,0,0,0,0,5,0,0,12,0,0,0,0,0,10
MO ENTERPRISES LLC,LLC,10,4,1,10.0,Property Maintenance,4,0,0,0,10,0,0,0,0,0,0,0,0,14,0,0,0,0,0
ORANGE QUAIL RIDGE LLC AND,LLC,10,35,2,5.0,No type recorded,5,0,0,0,0,10,0,0,0,0,0,0,0,0,45,0,0,0,0
PARKER 16TH LLC,LLC,10,12,1,10.0,No type recorded,6,0,0,0,0,0,10,0,0,0,0,0,0,0,0,22,0,0,0
RAE LEGACY LLC,LLC,10,7,1,10.0,No type recorded,6,0,0,0,0,0,10,0,0,0,0,0,0,0,0,17,0,0,0
AUTUMN WIND LLC,LLC,10,14,2,5.0,No type recorded,8,0,0,0,0,0,3,0,7,0,0,0,0,0,0,13,0,11,0
2261 PINE AVENUE LLC,LLC,10,19,1,10.0,No type recorded,6,0,0,0,0,0,10,0,0,0,0,0,0,0,0,29,0,0,0
LB VIEW INC,Corporation,10,21,2,5.0,No type recorded,8,0,0,0,0,0,1,0,9,0,0,0,0,0,0,15,0,16,0
20TH AND CHESTNUT LLC,LLC,10,18,1,10.0,No type recorded,7,0,0,0,0,0,0,10,0,0,0,0,0,0,0,0,28,0,0
1968 CHESTNUT LLC,LLC,10,11,1,10.0,No type recorded,7,0,0,0,0,0,0,10,0,0,0,0,0,0,0,0,21,0,0
FG HOMES LLC,LLC,10,3,1,10.0,Property Maintenance,7,0,0,0,0,0,0,10,0,0,0,0,0,0,0,0,13,0,0
DANIEL FERDOWS REAL ESTATE  LLC,LLC,10,3,1,10.0,No type recorded,8,0,0,0,0,0,0,0,10,0,0,0,0,0,0,0,0,13,0
AVANATH NORTHPOINTE LP,Limited Partnership,10,32,2,5.0,No type recorded,8,0,0,0,0,0,0,0,10,0,0,0,0,0,0,0,0,42,0
FULLHOUSE PROPERTIES LLC,LLC,10,6,1,10.0,No type recorded,8,0,0,0,0,0,0,0,10,0,0,0,0,0,0,0,0,16,0
PENN PROPERTIES III LLC,LLC,10,30,2,5.0,No type recorded,9,0,0,0,0,0,0,0,0,10,0,0,0,0,0,0,0,0,40
LELEDINA LLC,LLC,10,11,1,10.0,No type recorded,9,0,0,0,0,0,0,0,0,10,0,0,0,0,0,0,0,0,21
1075 E SOUTH ST LLC,LLC,10,18,1,10.0,No type recorded,9,0,0,0,0,0,0,0,0,10,0,0,0,0,0,0,0,0,28
RAJAS AND ASSOCIATES INC,Corporation,10,12,1,10.0,No type recorded,9,0,0,0,0,0,0,0,0,10,0,0,0,0,0,0,0,0,22
MISTER PIP LLC,LLC,10,9,1,10.0,No type recorded,9,0,0,0,0,0,0,0,0,10,0,0,0,0,0,0,0,0,19
KIT KAT INTERNATIONAL INC,Corporation,9,23,2,4.5,No type recorded,1,9,0,0,0,0,0,0,0,0,32,0,0,0,0,0,0,0,0
236 LIME AVE LLC,LLC,9,12,1,9.0,No type recorded,1,9,0,0,0,0,0,0,0,0,21,0,0,0,0,0,0,0,0
33 DREAM TEAM LLC,LLC,9,35,3,3.0,Property Maintenance,1,9,0,0,0,0,0,0,0,0,44,0,0,0,0,0,0,0,0
PETESON AND WILSON LLC,LLC,9,19,3,3.0,No type recorded,1,5,0,0,0,0,0,0,0,4,17,0,0,0,0,0,0,0,11
ATS BAY PROPERTIES LLC,LLC,9,14,2,4.5,No type recorded,1,9,0,0,0,0,0,0,0,0,23,0,0,0,0,0,0,0,0
"BASSIRPOU,HAMID R CO TR ET AL",Corporation,9,24,1,9.0,No type recorded,1,9,0,0,0,0,0,0,0,0,33,0,0,0,0,0,0,0,0
AMUSEMENT SIX APARTMENTS LLC,LLC,9,14,4,2.2,No type recorded,1,9,0,0,0,0,0,0,0,0,23,0,0,0,0,0,0,0,0
STARLITE MGMT IX LP,Limited Partnership,9,8,1,9.0,No type recorded,1,9,0,0,0,0,0,0,0,0,17,0,0,0,0,0,0,0,0
COM1 INVESTMENTS LLC,LLC,9,9,1,9.0,No type recorded,1,9,0,0,0,0,0,0,0,0,18,0,0,0,0,0,0,0,0
22 DAISY AVE LLC,LLC,9,6,1,9.0,No type recorded,1,9,0,0,0,0,0,0,0,0,15,0,0,0,0,0,0,0,0
BERRO ASSETS LLC,LLC,9,52,6,1.5,No type recorded,2,0,4,0,0,3,0,2,0,0,4,33,0,0,5,0,19,0,0
923 LINDEN APARTMENTS LLC,LLC,9,6,1,9.0,No type recorded,1,9,0,0,0,0,0,0,0,0,15,0,0,0,0,0,0,0,0
BSLB LLC,LLC,9,36,4,2.2,No type recorded,7,4,0,0,0,0,0,5,0,0,26,0,0,0,0,0,19,0,0
LAND MARK MARKETING CORP,Corporation,9,19,4,2.2,No type recorded,2,1,6,0,0,0,2,0,0,0,5,17,0,0,0,6,0,0,0
EEL PROPERTY HOLDINGS LLC,LLC,9,9,3,3.0,Property Maintenance,9,4,0,0,0,0,0,0,0,5,9,0,0,0,0,0,0,0,9
"JACQUES,CAMERON J CO TR JACQUES",Corporation,9,70,2,4.5,Other,1,9,0,0,0,0,0,0,0,0,79,0,0,0,0,0,0,0,0
ABRAMS FAMILY LLC,LLC,9,17,3,3.0,No type recorded,6,3,0,0,0,0,6,0,0,0,16,0,0,0,0,10,0,0,0
UIP PIKE LLC AND,LLC,9,23,2,4.5,No type recorded,2,0,9,0,0,0,0,0,0,0,0,32,0,0,0,0,0,0,0
WISKER REAL ESTATE LLC,LLC,9,16,1,9.0,No type recorded,2,0,9,0,0,0,0,0,0,0,0,25,0,0,0,0,0,0,0
GROWTH VERTICAL LLC,LLC,9,8,2,4.5,No type recorded,2,0,6,0,0,0,3,0,0,0,0,12,0,0,0,5,0,0,0
2845 SPAULDING LLC,LLC,9,16,2,4.5,No type recorded,2,0,9,0,0,0,0,0,0,0,0,25,0,0,0,0,0,0,0
1615 BROADWAY G AND B LLC,LLC,9,27,3,3.0,No type recorded,2,0,9,0,0,0,0,0,0,0,0,36,0,0,0,0,0,0,0
GLENLEE LLC,LLC,9,17,2,4.5,Other,2,0,8,0,0,0,0,1,0,0,0,21,0,0,0,0,5,0,0
PK GLADYS LTD,Limited Partnership,9,20,1,9.0,No type recorded,2,0,9,0,0,0,0,0,0,0,0,29,0,0,0,0,0,0,0
1772 ORIZABA PARTNERS LP,Limited Partnership,9,6,1,9.0,No type recorded,2,0,9,0,0,0,0,0,0,0,0,15,0,0,0,0,0,0,0
651 STANLEY AND LINDEN LLC,LLC,9,29,4,2.2,No type recorded,8,0,2,0,0,0,0,0,7,0,0,5,0,0,0,0,0,33,0
TREMONT PROPERTIES LLC,LLC,9,14,1,9.0,No type recorded,3,0,0,9,0,0,0,0,0,0,0,0,23,0,0,0,0,0,0
PABST LOMA LLC,LLC,9,28,3,3.0,No type recorded,3,0,0,9,0,0,0,0,0,0,0,0,37,0,0,0,0,0,0
AVAN UNITED LLC,LLC,9,13,4,2.2,No type recorded,6,0,0,3,0,0,6,0,0,0,0,0,5,0,0,17,0,0,0
JARBEEK PROPERTIES LLC,LLC,9,53,1,9.0,Nuisance,3,0,0,9,0,0,0,0,0,0,0,0,62,0,0,0,0,0,0
YAMAMOTO EQUITY INC,Corporation,9,8,2,4.5,No type recorded,9,0,0,0,0,0,0,0,0,9,0,0,0,1,0,0,0,0,16
SHREE GANESH INC,Corporation,9,25,1,9.0,No type recorded,6,0,0,0,0,0,9,0,0,0,0,0,0,0,0,34,0,0,0
PS LONG BEACH ATLANTIC INC,Corporation,9,10,2,4.5,Property Maintenance,6,0,0,0,0,0,9,0,0,0,0,0,0,0,0,19,0,0,0
1481 GAVIOTA LLC,LLC,9,4,1,9.0,No type recorded,6,0,0,0,0,0,9,0,0,0,0,0,0,0,0,13,0,0,0
1377 WARREN AVE LLC,LLC,9,8,1,9.0,No type recorded,6,0,0,0,0,0,9,0,0,0,0,0,0,0,0,17,0,0,0
LEE HO AND HO PARTNERSHIP,Limited Partnership,9,2,1,9.0,No type recorded,6,0,0,0,0,0,9,0,0,0,0,0,0,0,0,11,0,0,0
CENTURY CITY VIEW LP,Limited Partnership,9,17,1,9.0,No type recorded,6,0,0,0,0,0,9,0,0,0,0,0,0,0,0,26,0,0,0
"CRUZADO,MARCO J CO TR ET AL",Corporation,9,2,1,9.0,No type recorded,6,0,0,0,0,0,9,0,0,0,0,0,0,0,0,11,0,0,0
LSC FAMILIES LLC,LLC,9,9,2,4.5,No type recorded,6,0,0,0,0,0,8,0,0,1,0,0,0,0,0,13,0,0,5
NANQUAN INVESTMENT LLC,LLC,9,17,1,9.0,No type recorded,6,0,0,0,0,0,9,0,0,0,0,0,0,0,0,26,0,0,0
JDK CEDAR LLC,LLC,9,25,1,9.0,No type recorded,7,0,0,0,0,0,0,9,0,0,0,0,0,0,0,0,34,0,0
SRPS LP,Limited Partnership,9,5,8,1.1,Property Maintenance,8,0,0,0,0,0,0,3,5,1,0,0,0,0,0,0,3,6,5
SANTA FE LLC,LLC,9,7,1,9.0,No type recorded,7,0,0,0,0,0,0,9,0,0,0,0,0,0,0,0,16,0,0
"NGUYEN,CAROLYN CO TR  NGUYEN",Corporation,9,3,1,9.0,No type recorded,7,0,0,0,0,0,0,9,0,0,0,0,0,0,0,0,12,0,0
GGB PROPERTIES LP,Limited Partnership,9,15,5,1.8,No type recorded,8,0,0,0,0,0,0,2,4,3,0,0,0,0,0,0,3,15,6
CARLTON ARMS PARTNERSHIP,Limited Partnership,9,2,3,3.0,No type recorded,8,0,0,0,0,0,0,0,9,0,0,0,0,0,0,0,0,11,0
